no,trigger_event,required_segments,natural_language_command,first_name,last_name,date_of_birth,gender,phone,email,address,city,state,zip_code,blood_type,allergies,use_case
1,ADT^A04,MSH;EVN;PID;PV1,Register patient Michael Chen DOB 12 January 1975 for outpatient visit. Address 100 Hospital Lane Chicago IL,Michael,Chen,1975-01-12,Male,555-2001,michael.chen@email.com,100 Hospital Lane,Chicago,IL,60601,O+,None,Outpatient registration for clinic visit
2,ADT^A04,MSH;EVN;PID;PV1,Register Sarah Johnson born 25 June 1988 for OPD appointment. Lives at 200 Clinic Drive Naperville IL,Sarah,Johnson,1988-06-25,Female,555-2002,sarah.johnson@email.com,200 Clinic Drive,Naperville,IL,60540,A+,Penicillin,Emergency department visit registration
3,ADT^A04,MSH;EVN;PID;PV1,Register patient David Williams date of birth 8 November 1970 for consultation. Address 300 Medical Street Aurora IL,David,Williams,1970-11-08,Male,555-2003,david.williams@email.com,300 Medical Street,Aurora,IL,60505,B-,Aspirin;NSAIDs,Pre-admission registration for outpatient
4,ADT^A04,MSH;EVN;PID;PV1,Register Jennifer Brown DOB 30 March 1992 for clinic visit. Lives at 400 Health Avenue Rockford IL,Jennifer,Brown,1992-03-30,Female,555-2004,jennifer.brown@email.com,400 Health Avenue,Rockford,IL,61101,AB+,Latex,Outpatient department registration
5,ADT^A04,MSH;EVN;PID;PV1,Register Robert Davis birth date 17 September 1965 for ER visit. Address 500 Wellness Road Peoria IL,Robert,Davis,1965-09-17,Male,555-2005,robert.davis@email.com,500 Wellness Road,Peoria,IL,61602,O-,None,Emergency room patient registration
6,ADT^A04,MSH;EVN;PID;PV1,Register patient Lisa Miller born 22 December 1983 for specialist appointment. Lives at 600 Care Court Joliet IL,Lisa,Miller,1983-12-22,Female,555-2006,lisa.miller@email.com,600 Care Court,Joliet,IL,60435,A-,Sulfa drugs,Scheduled outpatient consultation
7,ADT^A04,MSH;EVN;PID;PV1,Register James Wilson DOB 5 April 1978 for outpatient procedure. Address 700 Treatment Blvd Elgin IL,James,Wilson,1978-04-05,Male,555-2007,james.wilson@email.com,700 Treatment Blvd,Elgin,IL,60120,B+,Codeine,Day surgery outpatient registration
8,ADT^A04,MSH;EVN;PID;PV1,Register Maria Martinez date of birth 18 August 1990 for clinic. Lives at 800 OPD Street Waukegan IL,Maria,Martinez,1990-08-18,Female,555-2008,maria.martinez@email.com,800 OPD Street,Waukegan,IL,60085,AB-,Iodine,Walk-in clinic patient registration
9,ADT^A04,MSH;EVN;PID;PV1,Register Christopher Anderson born 14 February 1972 for outpatient visit. Address 900 Outpatient Ave Cicero IL,Christopher,Anderson,1972-02-14,Male,555-2009,christopher.anderson@email.com,900 Outpatient Ave,Cicero,IL,60804,O+,None,Outpatient registration with visit context
10,ADT^A04,MSH;EVN;PID;PV1,Register Amanda Taylor DOB 28 July 1995 for emergency visit. Lives at 1000 Emergency Lane Schaumburg IL,Amanda,Taylor,1995-07-28,Female,555-2010,amanda.taylor@email.com,1000 Emergency Lane,Schaumburg,IL,60193,A+,Eggs;Milk,Emergency department registration
