no,trigger_event,required_segments,natural_language_command,first_name,last_name,date_of_birth,gender,phone,email,address,city,state,zip_code,blood_type,allergies,use_case
1,SIU^S12,MSH;SCH;PID;AIP,Schedule appointment for Daniel Rodriguez DOB 15 January 1987 with Dr Smith at 10AM tomorrow. Address 121 Emergency Way Miami FL,Daniel,Rodriguez,1987-01-15,Male,555-4001,daniel.rodriguez@email.com,121 Emergency Way,Miami,FL,33101,O+,None,Outpatient clinic appointment booking
2,SIU^S12,MSH;SCH;PID;AIP,Book appointment for Patricia Lewis born 20 April 1976 with Dr Johnson at cardiology clinic. Lives at 232 Trauma Drive Orlando FL,Patricia,Lewis,1976-04-20,Female,555-4002,patricia.lewis@email.com,232 Trauma Drive,Orlando,FL,32801,A+,Penicillin,Specialist consultation appointment
3,SIU^S12,MSH;SCH;PID;AIP,Schedule Mark Lee date of birth 25 August 1969 for surgery consult with Dr Williams. Address 343 Urgent Street Tampa FL,Mark,Lee,1969-08-25,Male,555-4003,mark.lee@email.com,343 Urgent Street,Tampa,FL,33602,B-,Aspirin;Ibuprofen,Pre-operative consultation booking
4,SIU^S12,MSH;SCH;PID;AIP,Book appointment Sandra Walker DOB 30 November 1991 with Dr Brown at OB-GYN clinic. Lives at 454 Crisis Avenue Jacksonville FL,Sandra,Walker,1991-11-30,Female,555-4004,sandra.walker@email.com,454 Crisis Avenue,Jacksonville,FL,32201,AB+,Latex,Prenatal care appointment
5,SIU^S12,MSH;SCH;PID;AIP,Schedule Paul Hall birth date 14 February 1958 for follow-up with Dr Davis next week. Address 565 Acute Road Fort Lauderdale FL,Paul,Hall,1958-02-14,Male,555-4005,paul.hall@email.com,565 Acute Road,Fort Lauderdale,FL,33301,O-,Sulfa drugs,Follow-up appointment after discharge
6,SIU^S12,MSH;SCH;PID;AIP,Book appointment Carol Allen born 22 May 1983 with Dr Miller at dermatology clinic. Lives at 676 ER Court St Petersburg FL,Carol,Allen,1983-05-22,Female,555-4006,carol.allen@email.com,676 ER Court,St Petersburg,FL,33701,A-,Codeine,Dermatology consultation appointment
7,SIU^S12,MSH;SCH;PID;AIP,Schedule George Young DOB 18 September 1972 for diagnostic imaging with Dr Wilson. Address 787 Resus Blvd Hialeah FL,George,Young,1972-09-18,Male,555-4007,george.young@email.com,787 Resus Blvd,Hialeah,FL,33010,B+,None,Radiology appointment booking
8,SIU^S12,MSH;SCH;PID;AIP,Book appointment Deborah Hernandez date of birth 5 December 1995 with Dr Moore at pediatrics. Lives at 898 Triage Street Port St Lucie FL,Deborah,Hernandez,1995-12-05,Female,555-4008,deborah.hernandez@email.com,898 Triage Street,Port St Lucie,FL,34952,AB-,Iodine;Shellfish,Pediatric consultation booking
9,SIU^S12,MSH;SCH;PID;AIP,Schedule Kenneth King born 28 March 1964 for physical therapy with Dr Taylor. Address 909 Stabilize Ave Tallahassee FL,Kenneth,King,1964-03-28,Male,555-4009,kenneth.king@email.com,909 Stabilize Ave,Tallahassee,FL,32301,O+,None,Physical therapy appointment
10,SIU^S12,MSH;SCH;PID;AIP,Book appointment Donna Wright DOB 16 July 1989 with Dr Anderson at endocrinology clinic. Lives at 1011 Emergency Lane Cape Coral FL,Donna,Wright,1989-07-16,Female,555-4010,donna.wright@email.com,1011 Emergency Lane,Cape Coral,FL,33904,A+,Peanuts,Diabetes management appointment
