no,trigger_event,required_segments,natural_language_command,first_name,last_name,date_of_birth,gender,phone,email,address,city,state,zip_code,blood_type,allergies,use_case
1,ADT^A02,MSH;EVN;PID;PV1,Transfer patient Ashley Rogers DOB 10 March 1992 from Ward 1 to ICU. Address 151 Maternity Way Denver CO,Ashley,Rogers,1992-03-10,Female,555-7001,ashley.rogers@email.com,151 Maternity Way,Denver,CO,80201,O+,None,Transfer from general ward to intensive care
2,ADT^A02,MSH;EVN;PID;PV1,Transfer Amanda Reed born 25 June 1988 from ER to surgical floor Room 302. Lives at 262 Labor Drive Colorado Springs CO,Amanda,Reed,1988-06-25,Female,555-7002,amanda.reed@email.com,262 Labor Drive,Colorado Springs,CO,80901,A+,Penicillin,Transfer from emergency to surgery ward
3,ADT^A02,MSH;EVN;PID;PV1,Transfer Brittany Cook date of birth 30 September 1995 from ICU to step-down unit. Address 373 Delivery Street Aurora CO,Brittany,Cook,1995-09-30,Female,555-7003,brittany.cook@email.com,373 Delivery Street,Aurora,CO,80010,B-,None,Transfer ICU to intermediate care
4,ADT^A02,MSH;EVN;PID;PV1,Transfer Christina Morgan DOB 14 December 1990 from maternity to postpartum ward. Lives at 484 Prenatal Avenue Fort Collins CO,Christina,Morgan,1990-12-14,Female,555-7004,christina.morgan@email.com,484 Prenatal Avenue,Fort Collins,CO,80521,AB+,Latex,Transfer after delivery
5,ADT^A02,MSH;EVN;PID;PV1,Transfer Danielle Bell birth date 18 February 1993 from medical ward to telemetry unit. Address 595 Obstetric Road Lakewood CO,Danielle,Bell,1993-02-18,Female,555-7005,danielle.bell@email.com,595 Obstetric Road,Lakewood,CO,80226,O-,None,Transfer for cardiac monitoring
6,ADT^A02,MSH;EVN;PID;PV1,Transfer Emily Murphy born 22 May 1991 from surgical to rehabilitation floor. Lives at 606 Pregnancy Court Thornton CO,Emily,Murphy,1991-05-22,Female,555-7006,emily.murphy@email.com,606 Pregnancy Court,Thornton,CO,80229,A-,Sulfa drugs,Post-op transfer to rehab
7,ADT^A02,MSH;EVN;PID;PV1,Transfer Hannah Bailey DOB 28 August 1994 from pediatrics to PICU. Address 717 Postpartum Blvd Arvada CO,Hannah,Bailey,1994-08-28,Female,555-7007,hannah.bailey@email.com,717 Postpartum Blvd,Arvada,CO,80001,B+,None,Pediatric ICU transfer
8,ADT^A02,MSH;EVN;PID;PV1,Transfer Jessica Rivera date of birth 5 November 1989 from oncology to palliative care. Lives at 828 Antenatal Street Westminster CO,Jessica,Rivera,1989-11-05,Female,555-7008,jessica.rivera@email.com,828 Antenatal Street,Westminster,CO,80030,AB-,Iodine,Transfer to comfort care unit
9,ADT^A02,MSH;EVN;PID;PV1,Transfer Lauren Cooper born 20 January 1996 from observation to inpatient bed. Address 939 Newborn Ave Pueblo CO,Lauren,Cooper,1996-01-20,Female,555-7009,lauren.cooper@email.com,939 Newborn Ave,Pueblo,CO,81001,O+,None,Observation to admission transfer
10,ADT^A02,MSH;EVN;PID;PV1,Transfer Rachel Richardson DOB 16 April 1987 from CCU to regular cardiac floor. Lives at 1014 Midwife Lane Centennial CO,Rachel,Richardson,1987-04-16,Female,555-7010,rachel.richardson@email.com,1014 Midwife Lane,Centennial,CO,80112,A+,Epidural,Cardiac step-down transfer
