no,trigger_event,required_segments,natural_language_command,first_name,last_name,date_of_birth,gender,phone,email,address,city,state,zip_code,blood_type,allergies,use_case
1,ADT^A40,MSH;EVN;PID;MRG,Merge patient records for Alexander Perry DOB 15 January 1968. Duplicate MRN found. Address 181 Clinic Way New York NY,Alexander,Perry,1968-01-15,Male,555-1001,alexander.perry@email.com,181 Clinic Way,New York,NY,10001,O+,Penicillin;Amoxicillin,Merge duplicate patient accounts
2,ADT^A40,MSH;EVN;PID;MRG,Merge duplicate records Samantha Powell born 20 April 1975. Consolidate history. Lives at 292 Healthcare Drive Buffalo NY,Samantha,Powell,1975-04-20,Female,555-1002,samantha.powell@email.com,292 Healthcare Drive,Buffalo,NY,14201,A+,Sulfa drugs,Consolidate patient medical records
3,ADT^A40,MSH;EVN;PID;MRG,Merge patient Nicholas Long date of birth 25 July 1982. Same person different MRNs. Address 303 Wellness Street Rochester NY,Nicholas,Long,1982-07-25,Male,555-1003,nicholas.long@email.com,303 Wellness Street,Rochester,NY,14601,B-,Aspirin;NSAIDs,Merge duplicate patient identities
4,ADT^A40,MSH;EVN;PID;MRG,Merge records for Victoria Patterson DOB 30 October 1990. Two accounts found. Lives at 414 Medical Avenue Yonkers NY,Victoria,Patterson,1990-10-30,Female,555-1004,victoria.patterson@email.com,414 Medical Avenue,Yonkers,NY,10701,AB+,Latex;Adhesive,Merge multiple patient accounts
5,ADT^A40,MSH;EVN;PID;MRG,Merge Justin Hughes birth date 14 January 1963. Registration error corrected. Address 525 Treatment Road Syracuse NY,Justin,Hughes,1963-01-14,Male,555-1005,justin.hughes@email.com,525 Treatment Road,Syracuse,NY,13201,O-,Codeine;Morphine,Correct duplicate registration
6,ADT^A40,MSH;EVN;PID;MRG,Merge patient Rebecca Flores born 22 May 1985. Reconcile records. Lives at 636 Diagnosis Court Albany NY,Rebecca,Flores,1985-05-22,Female,555-1006,rebecca.flores@email.com,636 Diagnosis Court,Albany,NY,12201,A-,Iodine;Shellfish,Reconcile patient history
7,ADT^A40,MSH;EVN;PID;MRG,Merge Aaron Washington DOB 18 August 1978. Link multiple visits. Address 747 Prevention Blvd New Rochelle NY,Aaron,Washington,1978-08-18,Male,555-1007,aaron.washington@email.com,747 Prevention Blvd,New Rochelle,NY,10801,B+,Contrast Dye,Link fragmented patient records
8,ADT^A40,MSH;EVN;PID;MRG,Merge Nicole Butler date of birth 5 November 1992. Name change documented. Lives at 858 Primary Street Mount Vernon NY,Nicole,Butler,1992-11-05,Female,555-1008,nicole.butler@email.com,858 Primary Street,Mount Vernon,NY,10550,AB-,Peanuts;Tree Nuts,Merge after name change
9,ADT^A40,MSH;EVN;PID;MRG,Merge Jordan Simmons born 28 February 1970. Consolidate encounter history. Address 969 Specialty Ave Schenectady NY,Jordan,Simmons,1970-02-28,Male,555-1009,jordan.simmons@email.com,969 Specialty Ave,Schenectady,NY,12301,O+,None,Consolidate patient encounters
10,ADT^A40,MSH;EVN;PID;MRG,Merge patient Alexis Foster DOB 16 June 1995. Database cleanup. Lives at 1017 Outreach Lane Utica NY,Alexis,Foster,1995-06-16,Female,555-1010,alexis.foster@email.com,1017 Outreach Lane,Utica,NY,13501,A+,Eggs;Milk;Soy,Clean up duplicate patient data
