first_name,last_name,date_of_birth,gender,phone,email,address,city,state,zip_code,blood_type,allergies
Andrew,Cox,1970-02-14,Male,555-8001,andrew.cox@email.com,161 Orthopedic Way,Portland,OR,97201,O+,NSAIDs
Brandon,Howard,1982-05-20,Male,555-8002,brandon.howard@email.com,272 Joint Drive,Eugene,OR,97401,A+,None
Christine,Ward,1965-08-25,Female,555-8003,christine.ward@email.com,383 Bone Street,Salem,OR,97301,B-,Aspirin
Diana,Torres,1978-11-30,Female,555-8004,diana.ward@email.com,494 Fracture Avenue,Gresham,OR,97030,AB+,Codeine
Eric,Peterson,1955-02-14,Male,555-8005,eric.peterson@email.com,505 Spine Road,Hillsboro,OR,97123,O-,Morphine
Frances,Gray,1988-06-22,Female,555-8006,frances.gray@email.com,616 Knee Court,Beaverton,OR,97005,A-,Latex
Gregory,Ramirez,1973-09-18,Male,555-8007,gregory.ramirez@email.com,727 Hip Blvd,Bend,OR,97701,B+,None
Heather,James,1990-12-05,Female,555-8008,heather.james@email.com,838 Shoulder Street,Medford,OR,97501,AB-,Iodine
Ian,Watson,1962-03-28,Male,555-8009,ian.watson@email.com,949 Ligament Ave,Springfield,OR,97477,O+,None
Jennifer,Brooks,1985-07-16,Female,555-8010,jennifer.brooks@email.com,1015 Tendon Lane,Corvallis,OR,97330,A+,Penicillin
